{"cameraMode":{"drawMode":0,"name":"Shaded","section":"Shading Mode"},"sceneLighting":false,"audioPlay":false,"sceneViewState":{"m_AlwaysRefresh":false,"showFog":true,"showSkybox":false,"showFlares":true,"showImageEffects":true,"showParticleSystems":true,"showVisualEffectGraphs":true,"m_FxEnabled":true},"in2DMode":false,"pivot":{"x":-0.6500205993652344,"y":-0.3136725425720215,"z":3.2195873260498049},"rotation":{"x":-0.25254160165786745,"y":-0.005227959714829922,"z":0.0013644576538354159,"w":-0.9675704836845398},"size":7.191845893859863,"orthographic":false}