{"cameraMode":{"drawMode":0,"name":"Shaded","section":"Shading Mode"},"sceneLighting":false,"audioPlay":false,"sceneViewState":{"m_AlwaysRefresh":false,"showFog":true,"showSkybox":false,"showFlares":true,"showImageEffects":true,"showParticleSystems":true,"showVisualEffectGraphs":true,"m_FxEnabled":true},"in2DMode":false,"pivot":{"x":0.000431060791015625,"y":0.6875001192092896,"z":0.00096893310546875},"rotation":{"x":-0.6252158284187317,"y":0.04604359716176987,"z":-0.036991432309150699,"w":-0.7782137989997864},"size":7.191845893859863,"orthographic":false}